threshold,sensitivity,specificity,precision,npv,balanced_accuracy,f1,predicted_positive_rate,tn,fp,fn,tp
0.01,1.0,2.601795238714713e-05,0.11181466289213704,1.0,0.5000130089761936,0.2011390326536551,0.9999768911689603,2,76868,0,9677
0.015,1.0,0.00028619747625861845,0.11184050852354811,1.0,0.5001430987381293,0.2011808486310056,0.9997458028585624,22,76848,0,9677
0.019999999999999997,0.9998966621886949,0.0011317809288409002,0.11191431776911599,0.9886363636363636,0.5005142215587679,0.20129816093867023,0.9989832114342496,87,76783,1,9676
0.024999999999999998,0.9994833109434742,0.0030961363340705084,0.11206896551724138,0.9794238683127572,0.5012897236387723,0.2015398881028537,0.9971922770286665,238,76632,5,9672
0.03,0.9981399193965071,0.007779367763756992,0.11240413820390778,0.9707792207792207,0.5029596435801321,0.2020542214040666,0.9928824800397472,598,76272,18,9659
0.034999999999999996,0.9952464606799628,0.0176661896708729,0.11311558202083553,0.9672364672364673,0.5064563251754178,0.20314279687829573,0.9837776006100731,1358,75512,46,9631
0.039999999999999994,0.9899762323033998,0.034356706127227785,0.11430753260389695,0.964572680788897,0.5121664692153138,0.2049504738677449,0.9683640103065386,2641,74229,97,9580
0.045,0.9804691536633254,0.057330558085078705,0.11577650059181706,0.9588772845953003,0.5188998558742021,0.2070982669053128,0.9468959062705813,4407,72463,189,9488
0.049999999999999996,0.9691019944197582,0.08683491609210355,0.11785404597036683,0.9571264697447662,0.5279684552559308,0.2101512605042017,0.9194195061642807,6675,70195,299,9378
0.05499999999999999,0.952464606799628,0.12189410693378432,0.12014286272925166,0.953204476093591,0.5371793568667061,0.21337129893279627,0.8864200954394722,9370,67500,460,9217
0.05999999999999999,0.9308670042368503,0.16167555613373227,0.12264125255275697,0.9489195999083759,0.5462712801852913,0.21672862006327667,0.8486718199359885,12428,64442,669,9008
0.06499999999999999,0.9074093210705797,0.20470924938207363,0.12559536580133018,0.9461279461279462,0.5560592852263266,0.22065031661473514,0.8078269610731741,15736,61134,896,8781
0.06999999999999999,0.8813681926216803,0.2502666840119683,0.12891280361542298,0.9436868439124889,0.5658174383168243,0.22492681769033993,0.7644516852115035,19238,57632,1148,8529
0.07499999999999998,0.85150356515449,0.29790555483283465,0.13245458929432566,0.9409541028064264,0.5747045599936623,0.22924868195918593,0.7188001894924145,22900,53970,1437,8240
0.07999999999999999,0.8188488167820606,0.3476258618446728,0.1364513018322083,0.9384372256365233,0.5832373393133667,0.23392227191545262,0.6709880180711059,26722,50148,1753,7924
0.08499999999999998,0.7812338534669836,0.3967087290230259,0.14016872160934457,0.9350852446952043,0.5889712912450047,0.23769100169779286,0.6231874010653171,30495,46375,2117,7560
0.08999999999999998,0.7423788364162447,0.44558345258228177,0.14425123489016506,0.9321540345625255,0.5939811444992632,0.2415642495670741,0.5754330017216079,34252,42618,2493,7184
0.09499999999999999,0.7011470497054872,0.4920775334981137,0.14805036112505182,0.9289749005353898,0.5966122916018004,0.24447807444240263,0.5295273088610812,37826,39044,2892,6785
0.09999999999999998,0.6606386276738658,0.5358787563418759,0.15196101735203232,0.9261640848078783,0.5982586920078709,0.2470867876398632,0.4860942609218113,41193,35677,3284,6393
0.10499999999999998,0.6210602459439909,0.5776115519708599,0.1561890901530705,0.9237122409919281,0.5993358989574253,0.24960544895755463,0.44460235478988297,44401,32469,3667,6010
0.10999999999999997,0.5800351348558438,0.6179914140757122,0.16047229687231973,0.9211929647656538,0.599013274465778,0.2513940208263352,0.4041503460547448,47505,29365,4064,5613
0.11499999999999998,0.5409734421824945,0.655066996227397,0.16488188976377952,0.9189371680931437,0.5980202192049457,0.252733724382649,0.3668526927565369,50355,26515,4442,5235
0.11999999999999998,0.5055285729048259,0.6895798100689475,0.17013285108158865,0.9172045057359888,0.5975541914868867,0.2545861413962686,0.3322356638589437,53008,23862,4785,4892
0.12499999999999997,0.4726671489097861,0.7221152595290751,0.1763639868903027,0.9158087507424273,0.5973912042194306,0.2568797034707402,0.2996637665083712,55509,21361,5103,4574
0.12999999999999998,0.4407357652164927,0.7517887342266164,0.1826943671021632,0.9143697984241005,0.5962622497215546,0.2583126400581431,0.26973783031185367,57790,19080,5412,4265
0.13499999999999998,0.40921773276841994,0.778066866137635,0.18839200761179828,0.9127535214491737,0.5936422994530275,0.25800566830634913,0.24287381422810728,59810,17060,5717,3960
0.13999999999999999,0.38069649684819673,0.8011057629764538,0.19417066357455331,0.9113120430934974,0.5909011299123252,0.25717277486910994,0.21922192565889054,61581,15289,5993,3684
0.145,0.35434535496538183,0.8218030441004293,0.2002101944298476,0.909997118985883,0.5880741995329055,0.2558573347261603,0.1978924746091719,63172,13698,6248,3429
0.15,0.33099100961041644,0.838896838818785,0.20549175595047153,0.9087655016910936,0.5849439242146007,0.2535623812539582,0.18009867470853988,64486,12384,6474,3203
0.155,0.3077400020667562,0.8541823858462338,0.20991048142665822,0.9074212271973466,0.580961193956495,0.24958095876634262,0.16392249298069256,65661,11209,6699,2978
0.15999999999999998,0.28676242637180943,0.8684532327305841,0.21533328160161402,0.9062992125984252,0.5776078295511967,0.24596702712285057,0.14890175280483436,66758,10112,6902,2775
0.16499999999999998,0.2666115531673039,0.8808247690906725,0.21974278170513584,0.9051279309146325,0.5737181611289882,0.2409188533009618,0.13566039261903937,67709,9161,7097,2580
0.16999999999999998,0.24842409837759635,0.8916742552361129,0.22402385611778958,0.9040703809222328,0.5700491768068546,0.235593884751078,0.12399043294394953,68543,8327,7273,2404
0.175,0.2295132789087527,0.9016261220241967,0.2270264744965757,0.9028711375123756,0.5655697004664747,0.22826310380267215,0.11303684703109293,69308,7562,7456,2221
0.18,0.21566601219386172,0.9110706387407311,0.23388994732713214,0.9022209625888901,0.5633683254672964,0.22440860215053762,0.10310004968398674,70034,6836,7590,2087
0.18499999999999997,0.2009920429885295,0.9193963835046182,0.23891413831224664,0.9013850980792286,0.5601942132465738,0.21831855427096195,0.09406449674743203,70674,6196,7732,1945
0.18999999999999997,0.18807481657538494,0.9269415896968909,0.24475524475524477,0.9006838492750692,0.5575082031361379,0.21270379243849705,0.08591863380590893,71254,5616,7857,1820
0.19499999999999998,0.17629430608659707,0.9340184727461949,0.25169666568309235,0.9000739635698078,0.555156389416396,0.20735338802795503,0.0783158283938207,71798,5072,7971,1706
0.19999999999999998,0.16358375529606284,0.9404579159620138,0.2569805194805195,0.8993120778235287,0.5520208356290384,0.1999115994190819,0.0711751996025281,72293,4577,8094,1583
0.205,0.1529399607316317,0.945973721868089,0.26273744008521216,0.8986949106458709,0.5494568412998604,0.19333768778576094,0.06508602262354558,72717,4153,8197,1480
0.20999999999999996,0.14384623333677793,0.9508650969168726,0.269297736506094,0.8981911573152449,0.5473556651268252,0.1875252593291122,0.059724773822316196,73093,3777,8285,1392
0.21499999999999997,0.13454583031931383,0.9554962924417848,0.27567224221892866,0.8976461673836528,0.5450210613805493,0.18083333333333335,0.054571504500444845,73449,3421,8375,1302
0.21999999999999997,0.12565877854707036,0.959607128918954,0.2814163388104605,0.8971006737528275,0.5426329537330122,0.17373910558651237,0.04992662946144869,73765,3105,8461,1216
0.22499999999999998,0.11687506458613206,0.9630154806816703,0.28459989934574736,0.8965036997565791,0.5399452726339011,0.1657021463629038,0.04591724727604654,74027,2843,8546,1131
0.22999999999999998,0.10860803968171955,0.9665018863015481,0.28985107556536127,0.8959732757685025,0.5375549629916339,0.15800947154777117,0.0418963106751245,74295,2575,8626,1051
0.235,0.1025111088147153,0.9691687264212306,0.2950624628197501,0.895594157600529,0.535839917617973,0.1521589078917095,0.0388459449778733,74500,2370,8685,992
0.23999999999999996,0.09631084013640591,0.9720307011838168,0.30240103828682674,0.8952255436410471,0.5341707706601114,0.14609295399325967,0.03561070863230383,74720,2150,8745,932
0.24499999999999997,0.09093727394853778,0.9742422271367244,0.3076923076923077,0.8948821202815253,0.532589750542631,0.14038446199250218,0.03304562838688805,74890,1980,8797,880
0.24999999999999997,0.0858737211945851,0.9763236633276962,0.3134666163711807,0.8945599313435683,0.5310986922611406,0.13481505515898767,0.030630755543230845,75050,1820,8846,831
0.25499999999999995,0.08246357342151493,0.9781969558995707,0.322554567502021,0.8943893996883661,0.5303302646605428,0.13134721422105178,0.02858562399621015,75194,1676,8879,798
0.25999999999999995,0.07750335847886741,0.9796409522570574,0.32397408207343414,0.8940189001804539,0.5285721553679624,0.12508338892595064,0.026748471928547495,75305,1565,8927,750
0.26499999999999996,0.073266508215356,0.9810979575907376,0.32793709528214615,0.8937251881258518,0.5271822329030468,0.11977362952952107,0.024980646354004182,75417,1453,8968,709
0.26999999999999996,0.06995969825359098,0.9824378821386757,0.3339911198815984,0.8935163274964505,0.5261987901961334,0.11568694463431306,0.02342080025881891,75520,1350,9000,677
0.27499999999999997,0.06716957734835176,0.9837517887342266,0.34228541337546076,0.8933583782251205,0.5254606830412892,0.11230131306150656,0.021941835072272868,75621,1249,9027,650
0.27999999999999997,0.0654128345561641,0.9850136594250033,0.3546218487394958,0.8933012434817489,0.5252132469905837,0.11045192811027744,0.020624631703005304,75718,1152,9044,633
0.285,0.0623127002170094,0.9859503057109406,0.3582887700534759,0.8930759803921569,0.5241315029639749,0.10616197183098591,0.019446081319976428,75790,1080,9074,603
0.29,0.06014260617960111,0.9868479250682971,0.3653483992467043,0.8929420627633778,0.5234952656239491,0.10328305235137533,0.018406183923186246,75859,1011,9095,582
0.295,0.056835796217836104,0.9876414726161051,0.36666666666666664,0.8926828694721742,0.5222386344169706,0.09841639080254093,0.01733162327983639,75920,950,9127,550
0.3,0.05404567531259688,0.9884740470924939,0.3711852377572747,0.8924804435152341,0.5212598612025454,0.09435323831860004,0.016280171467526316,75984,886,9154,523
0.30499999999999994,0.051358892218662806,0.9890854689735917,0.37200598802395207,0.8922674302613512,0.5202221805961272,0.09025696903659312,0.015436699134574277,76031,839,9180,497
0.30999999999999994,0.04949881161516999,0.9897749447118511,0.3786561264822134,0.8921460566121807,0.5196368781635106,0.08755254980807896,0.014616335632662021,76084,786,9198,479
0.31499999999999995,0.04722537976645655,0.9903993755691427,0.38242677824267785,0.8919767550848252,0.5188123776677996,0.0840691685062546,0.013807526546269657,76132,738,9220,457
0.31999999999999995,0.04474527229513279,0.9909457525692728,0.38352524357838796,0.8917792502751176,0.5178455124322028,0.08014066259485471,0.013044935121956857,76174,696,9244,433
0.32499999999999996,0.04247184044641934,0.9915962013789514,0.3888363292336802,0.8916130541583811,0.5170340209126854,0.07657909446618222,0.01221301720452471,76224,646,9266,411
0.32999999999999996,0.03988839516379043,0.9920515155457266,0.38716148445336007,0.8913968439509059,0.5159699553547585,0.0723252763724939,0.011519752273331253,76259,611,9291,386
0.33499999999999996,0.03844166580551824,0.9924938207363081,0.39199157007376184,0.8912941891165681,0.5154677432709132,0.07001693958215698,0.01096514032837649,76293,577,9305,372
0.33999999999999997,0.03678826082463573,0.9930922336412125,0.40135287485907556,0.8911860845201961,0.5149402472329241,0.06739871260886028,0.010248766566143252,76339,531,9321,356
0.345,0.03575488271158417,0.993534538831794,0.41043890865954924,0.8911252683655372,0.514644710771689,0.06577946768060837,0.00974037228326805,76373,497,9331,346
0.35,0.03430815335331198,0.9938727722128269,0.41344956413449563,0.8910127822354917,0.5140904627830695,0.0633587786259542,0.009278195662472413,76399,471,9345,332
0.355,0.03275808618373463,0.9942240145700534,0.41655716162943496,0.890891287622689,0.513491050376894,0.06073960528836942,0.008792910210636995,76426,444,9360,317
0.35999999999999993,0.031104681202852123,0.9946403018082477,0.4221598877980365,0.8907658969639071,0.5128724915055499,0.05794032723772859,0.008238298265682231,76458,412,9376,301
0.36499999999999994,0.02976128965588509,0.9950435800702485,0.4304932735426009,0.8906704860383334,0.5124024348630668,0.05567369031509762,0.00772990398280703,76489,381,9389,288
0.36999999999999994,0.028107884675002585,0.9953688044750878,0.43312101910828027,0.8905364354799288,0.5117383445750452,0.05278990781174187,0.0072561729464915015,76514,356,9405,272
0.37499999999999994,0.026867830939340705,0.9956289839989593,0.436241610738255,0.8904375748973252,0.51124840746915,0.05061812518251728,0.006886431649854992,76534,336,9417,260
0.37999999999999995,0.025007750335847886,0.9959151814752178,0.4352517985611511,0.8902792152667139,0.5104614659055329,0.04729795758819506,0.006424255029059355,76556,314,9435,242
0.38499999999999995,0.024077710034101477,0.9961753609990893,0.44212523719165087,0.8902115787026273,0.5101265355165954,0.04566836534692278,0.006089176978982518,76576,294,9444,233
0.38999999999999996,0.0228376562984396,0.9965135943801223,0.45194274028629855,0.8901206163285226,0.509675625339281,0.043478260869565216,0.005650109189226663,76602,268,9456,221
0.39499999999999996,0.021804278185388035,0.9966827110706388,0.45278969957081544,0.8900338053693614,0.5092434946280134,0.04160504781622794,0.005384357632269171,76615,255,9466,211
0.39999999999999997,0.020564224449726155,0.9969558995707037,0.45958429561200925,0.8899365956754999,0.508760062010215,0.03936696340257171,0.005003061920112771,76636,234,9478,199
0.40499999999999997,0.01984085977059006,0.9972160790945752,0.4729064039408867,0.8898898317874183,0.5085284694325827,0.03808390360011901,0.004691092701075716,76656,214,9485,192
0.4099999999999999,0.019117495091453964,0.9973851957850917,0.4792746113989637,0.8898341477002356,0.5082513454382728,0.036768359336182055,0.004460004390677897,76669,201,9492,185
0.4149999999999999,0.01798077916709724,0.9976453753089631,0.49014084507042255,0.8897461481343977,0.5078130772380302,0.034688995215311005,0.004101817509561279,76689,181,9503,174
0.41999999999999993,0.016947401054045675,0.9978014830232861,0.4924924924924925,0.8896582921567263,0.5073744420386659,0.03276723276723277,0.0038476203681236786,76701,169,9513,164
0.42499999999999993,0.016017360752299266,0.9979705997138025,0.4983922829581994,0.8895820770907742,0.5069939802330509,0.03103724469363236,0.003593423226686078,76714,156,9522,155
0.42999999999999994,0.015707347318383795,0.9981136984519319,0.5117845117845118,0.8895652173913043,0.5069105228851578,0.03047924603970323,0.003431661409407605,76725,145,9525,152
0.43499999999999994,0.015190658261858014,0.9982698061662547,0.525,0.8895290203670001,0.5067302322140563,0.029526965953600482,0.003235236345569459,76737,133,9530,147
0.43999999999999995,0.014260617960111605,0.9983608689996097,0.5227272727272727,0.8894451977794003,0.5063107434798607,0.027763806458102808,0.0030503656972512045,76744,126,9539,138
0.44499999999999995,0.013330577658365195,0.9984909587615455,0.5265306122448979,0.8893652522537137,0.5059107682099553,0.02600282201169119,0.002830831802373277,76754,116,9548,129
0.44999999999999996,0.013020564224449726,0.9986080395472876,0.5407725321888412,0.8893458766828093,0.5058143018858686,0.02542885973763875,0.0026921788161345856,76763,107,9551,126
0.45499999999999996,0.011780510488787848,0.9986730844282555,0.5277777777777778,0.8892286664118335,0.5052267974585217,0.023046598605074294,0.0024957537522964403,76768,102,9563,114
0.45999999999999996,0.011160483620956908,0.9987641472616106,0.5320197044334976,0.8891758547206523,0.5049623154412838,0.02186234817813765,0.002345546350537858,76775,95,9569,108
0.4649999999999999,0.010540456753125968,0.998842201118772,0.5340314136125655,0.889121774977998,0.5046913289359489,0.020672882042967168,0.002206893364299167,76781,89,9575,102
0.4699999999999999,0.010127105507905342,0.998933263952127,0.5444444444444444,0.8890895828267741,0.5045301847300162,0.019884346149944204,0.0020797947935803666,76788,82,9579,98
0.4749999999999999,0.00961041645137956,0.9990113178092884,0.5502958579881657,0.8890458218527866,0.504310867130334,0.018890920170627667,0.0019526962228615665,76794,76,9584,93
0.4799999999999999,0.009093727394853778,0.9990633537140627,0.55,0.8889995022399204,0.5040785405544582,0.01789163362813866,0.0018487064831825483,76798,72,9589,88
0.48499999999999993,0.008473700527022838,0.999115389618837,0.5466666666666666,0.8889429031100617,0.5037945450729299,0.016688714765442147,0.0017331623279836388,76802,68,9595,82
0.48999999999999994,0.008267024904412525,0.9991544165474178,0.5517241379310345,0.8889261822642994,0.5037107207259152,0.016289961311341885,0.0016753902503841842,76805,65,9597,80
0.49499999999999994,0.007750335847886741,0.9992584883569663,0.5681818181818182,0.8888850315338772,0.5035044121024265,0.015292078703231725,0.0015251828486256022,76813,57,9602,75
0.49999999999999994,0.006510282112224863,0.999297515285547,0.5384615384615384,0.8887654749508273,0.502903898698886,0.012865019399632428,0.0013518666158272383,76816,54,9614,63
0.5049999999999999,0.005786917433088767,0.9993495511903213,0.5283018867924528,0.8886986499462061,0.502568234311705,0.011448430951650823,0.0012247680451084382,76820,50,9621,56
